id,name,model_id/id,group_id/id,perm_read,perm_write,perm_create,perm_unlink
access_product_final_manager,product_final,model_product_final,base.group_system,1,1,1,1
access_product_final_user,product_final,model_product_final,base.group_user,1,0,0,0
access_product_final_view_version_manager,product_final_view_version,model_product_final_view_version,base.group_system,1,1,1,1
access_product_final_view_version_user,product_final_view_version,model_product_final_view_version,base.group_user,1,0,0,0
access_product_final_product_list_version_manager,product_final_product_list_version,model_product_final_product_list_version,base.group_system,1,1,1,1
access_product_final_product_list_version_user,product_final_product_list_version,model_product_final_product_list_version,base.group_user,1,0,0,0
access_wiz_duplicate_product_location_exploded,wiz_duplicate_product_location_exploded,model_wiz_duplicate_product_location_exploded,base.group_user,1,1,1,1
access_product_location_exploded_manager,product_location_exploded,model_product_location_exploded,base.group_system,1,1,1,1
access_product_location_exploded_user,product_location_exploded,model_product_location_exploded,base.group_user,1,1,1,1
